date,LAT,LON
2021/2/16 0:00,48.43643,-123.42672
2021/2/16 1:00,48.43641993,-123.42673
2021/2/16 2:00,48.43641066,-123.4267203
2021/2/16 3:00,48.43644,-123.42673
2021/2/16 4:00,48.43635082,-123.4267061
2021/2/16 5:00,48.43522689,-123.4260236
2021/2/16 6:00,48.43423711,-123.4254283
2021/2/16 7:00,48.43337572,-123.4249162
2021/2/16 8:00,48.43263699,-123.4244836
2021/2/16 9:00,48.43201515,-123.4241265
2021/2/16 10:00,48.43150447,-123.4238411
2021/2/16 11:00,48.43109918,-123.4236234
2021/2/16 12:00,48.43079354,-123.4234695
2021/2/16 13:00,48.43058179,-123.4233757
2021/2/16 14:00,48.43045819,-123.4233379
2021/2/16 15:00,48.43041698,-123.4233524
2021/2/16 16:00,48.43045242,-123.4234152
2021/2/16 17:00,48.43055875,-123.4235224
2021/2/16 18:00,48.43073022,-123.4236702
2021/2/16 19:00,48.43096109,-123.4238547
2021/2/16 20:00,48.43124559,-123.4240719
2021/2/16 21:00,48.43157799,-123.4243181
2021/2/16 22:00,48.43195252,-123.4245892
2021/2/16 23:00,48.43236345,-123.4248815
2021/2/17 0:00,48.43280501,-123.425191
2021/2/17 1:00,48.43327146,-123.4255139
2021/2/17 2:00,48.43375705,-123.4258462
2021/2/17 3:00,48.43425603,-123.4261841
2021/2/17 4:00,48.43476264,-123.4265238
2021/2/17 5:00,48.43527113,-123.4268612
2021/2/17 6:00,48.43577576,-123.4271926
2021/2/17 7:00,48.43627077,-123.427514
2021/2/17 8:00,48.43675041,-123.4278215
2021/2/17 9:00,48.43720894,-123.4281114
2021/2/17 10:00,48.4376406,-123.4283796
2021/2/17 11:00,48.43803964,-123.4286223
2021/2/17 12:00,48.4384003,-123.4288356
2021/2/17 13:00,48.43871685,-123.4290156
2021/2/17 14:00,48.43898353,-123.4291585
2021/2/17 15:00,48.43919458,-123.4292604
2021/2/17 16:00,48.43934426,-123.4293173
2021/2/17 17:00,48.43942682,-123.4293254
2021/2/17 18:00,48.4394365,-123.4292808
2021/2/17 19:00,48.43936756,-123.4291796
2021/2/17 20:00,48.43921424,-123.4290179
2021/2/17 21:00,48.4389708,-123.4287919
2021/2/17 22:00,48.43863148,-123.4284976
2021/2/17 23:00,48.43819053,-123.4281312
2021/2/18 0:00,48.4376422,-123.4276887
2021/2/18 1:00,48.43698075,-123.4271664
2021/2/18 2:00,48.43640971,-123.4267388
2021/2/18 3:00,48.4364295,-123.4267299
2021/2/18 4:00,48.43644741,-123.4266933
2021/2/18 5:00,48.43641516,-123.4267402
2021/2/18 6:00,48.43647673,-123.4267092
2021/2/18 7:00,48.43639133,-123.4267776
2021/2/18 8:00,48.43642037,-123.4267201
2021/2/18 9:00,48.43641022,-123.4267299
2021/2/18 10:00,48.43640982,-123.4267152
2021/2/18 11:00,48.43640873,-123.4267054
2021/2/18 12:00,48.43642,-123.42675
2021/2/18 13:00,48.43642507,-123.4266891
2021/2/18 14:00,48.43642048,-123.4267092
2021/2/18 15:00,48.43640187,-123.4266828
2021/2/18 16:00,48.43642022,-123.4267099
2021/2/18 17:00,48.43642974,-123.4267299
2021/2/18 18:00,48.43639889,-123.4267173
2021/2/18 19:00,48.43642101,-123.4267091
2021/2/18 20:00,48.43640032,-123.4266997
2021/2/18 21:00,48.43642008,-123.4266906
2021/2/18 22:00,48.43641919,-123.4267114
2021/2/18 23:00,48.43642654,-123.4267266
2021/2/19 0:00,48.43640567,-123.426718
2021/2/19 1:00,48.43642947,-123.4267544
2021/2/19 2:00,48.43642901,-123.4267381
2021/2/19 3:00,48.43643277,-123.4266889
2021/2/19 4:00,48.43641711,-123.4267018
2021/2/19 5:00,48.43641082,-123.4267318
2021/2/19 6:00,48.43642041,-123.4266859
2021/2/19 7:00,48.43641608,-123.4267317
2021/2/19 8:00,48.43641909,-123.4267299
2021/2/19 9:00,48.43640821,-123.4267292
2021/2/19 10:00,48.4364106,-123.4267202
2021/2/19 11:00,48.43641981,-123.4267278
2021/2/19 12:00,48.43641,-123.42673
2021/2/19 13:00,48.43640007,-123.4267398
2021/2/19 14:00,48.43640948,-123.4267011
2021/2/19 15:00,48.43642015,-123.4267396
2021/2/19 16:00,48.43641004,-123.42671
2021/2/19 17:00,48.43640083,-123.4267204
2021/2/19 18:00,48.43644077,-123.4267298
2021/2/19 19:00,48.43641108,-123.4267399
2021/2/19 20:00,48.43641006,-123.42672
2021/2/19 21:00,48.43641748,-123.4267097
2021/2/19 22:00,48.43667102,-123.4354612
2021/2/19 23:00,48.42483054,-123.3738231
2021/2/20 0:00,48.43136895,-123.3761991
2021/2/20 1:00,48.43136958,-123.3762128
2021/2/20 2:00,48.43136985,-123.3761898
2021/2/20 3:00,48.43136079,-123.3762318
2021/2/20 4:00,48.43137901,-123.3762083
2021/2/20 5:00,48.43136095,-123.3761959
2021/2/20 6:00,48.43137713,-123.3762093
2021/2/20 7:00,48.43138014,-123.3761999
2021/2/20 8:00,48.43138102,-123.3762111
2021/2/20 9:00,48.43138025,-123.37623
2021/2/20 10:00,48.43137616,-123.3762213
2021/2/20 11:00,48.43138809,-123.376208
2021/2/20 12:00,48.43137897,-123.3762088
2021/2/20 13:00,48.43137876,-123.3762299
2021/2/20 14:00,48.43138002,-123.3762282
2021/2/20 15:00,48.43136027,-123.37623
2021/2/20 16:00,48.43138,-123.37622
2021/2/20 17:00,48.43136986,-123.3762195
2021/2/20 18:00,48.43136002,-123.3761999
2021/2/20 19:00,48.43137996,-123.37619
2021/2/20 20:00,48.43138004,-123.3762109
2021/2/20 21:00,48.43138004,-123.3762178
2021/2/20 22:00,48.43137946,-123.3762063
2021/2/20 23:00,48.43138016,-123.376227
2021/2/21 0:00,48.43137543,-123.3762098
2021/2/21 1:00,48.43139018,-123.3762089
2021/2/21 2:00,48.4313801,-123.3762298
2021/2/21 3:00,48.43137034,-123.3762
2021/2/21 4:00,48.43137893,-123.3762101
2021/2/21 5:00,48.43136115,-123.3762158
2021/2/21 6:00,48.43137015,-123.3762101
2021/2/21 7:00,48.43137228,-123.3762103
2021/2/21 8:00,48.43139066,-123.3762298
2021/2/21 9:00,48.43140035,-123.3762402
2021/2/21 10:00,48.43136167,-123.376218
2021/2/21 11:00,48.43136873,-123.3762286
2021/2/21 12:00,48.43137043,-123.376219
2021/2/21 13:00,48.43136076,-123.376229
2021/2/21 14:00,48.43173261,-123.375763
2021/2/21 15:00,48.43137164,-123.3762315
2021/2/21 16:00,48.43137014,-123.3762068
2021/2/21 17:00,48.43138003,-123.3762203
2021/2/21 18:00,48.43139455,-123.3762022
2021/2/21 19:00,48.43138109,-123.3761898
2021/2/21 20:00,48.43136995,-123.3762203
2021/2/21 21:00,48.43136979,-123.3762
2021/2/21 22:00,48.43137937,-123.376224
2021/2/21 23:00,48.43139979,-123.3762
2021/2/22 0:00,48.43138005,-123.3762
2021/2/22 1:00,48.43137996,-123.3762002
2021/2/22 2:00,48.4313811,-123.3762359
2021/2/22 3:00,48.43135962,-123.37619
2021/2/22 4:00,48.43136955,-123.3762104
2021/2/22 5:00,48.4313787,-123.3761895
2021/2/22 6:00,48.43137956,-123.376209
2021/2/22 7:00,48.43135845,-123.3762306
2021/2/22 8:00,48.43137002,-123.37621
2021/2/22 9:00,48.43134993,-123.3762285
2021/2/22 10:00,48.43136418,-123.3762249
2021/2/22 11:00,48.43137979,-123.3761999
2021/2/22 12:00,48.43136816,-123.3762124
2021/2/22 13:00,48.43138001,-123.3761899
2021/2/22 14:00,48.43137925,-123.3762106
2021/2/22 15:00,48.4319404,-123.3763848
2021/2/22 16:00,48.43252131,-123.3765531
2021/2/22 17:00,48.43302764,-123.3767003
2021/2/22 18:00,48.43346298,-123.3768273
2021/2/22 19:00,48.43383094,-123.3769351
2021/2/22 20:00,48.43413512,-123.3770248
2021/2/22 21:00,48.43437911,-123.3770973
2021/2/22 22:00,48.43456652,-123.3771536
2021/2/22 23:00,48.43470094,-123.3771948
2021/2/23 0:00,48.43478598,-123.3772218
2021/2/23 1:00,48.43482523,-123.3772356
2021/2/23 2:00,48.43482229,-123.3772372
2021/2/23 3:00,48.43478077,-123.3772277
2021/2/23 4:00,48.43470426,-123.377208
2021/2/23 5:00,48.43459636,-123.3771791
2021/2/23 6:00,48.43446067,-123.3771419
2021/2/23 7:00,48.43430079,-123.3770976
2021/2/23 8:00,48.43412033,-123.3770471
2021/2/23 9:00,48.43392287,-123.3769914
2021/2/23 10:00,48.43371203,-123.3769315
2021/2/23 11:00,48.43349139,-123.3768684
2021/2/23 12:00,48.43326456,-123.3768031
2021/2/23 13:00,48.43303515,-123.3767366
2021/2/23 14:00,48.43280674,-123.3766699
2021/2/23 15:00,48.43258293,-123.3766039
2021/2/23 16:00,48.43236734,-123.3765397
2021/2/23 17:00,48.43216355,-123.3764783
2021/2/23 18:00,48.43197517,-123.3764207
2021/2/23 19:00,48.43180579,-123.3763678
2021/2/23 20:00,48.43165902,-123.3763207
2021/2/23 21:00,48.43153846,-123.3762804
2021/2/23 22:00,48.4314477,-123.3762478
2021/2/23 23:00,48.43139035,-123.376224
2021/2/24 0:00,48.43137,-123.37621
2021/2/24 1:00,48.43134983,-123.3762424
2021/2/24 2:00,48.43137985,-123.3762109
2021/2/24 3:00,48.43136193,-123.3762088
2021/2/24 4:00,48.43138115,-123.3762005
2021/2/24 5:00,48.43137996,-123.3762195
2021/2/24 6:00,48.43136987,-123.3762301
2021/2/24 7:00,48.43137965,-123.3762198
2021/2/24 8:00,48.43138411,-123.3762188
2021/2/24 9:00,48.43136299,-123.3761983
2021/2/24 10:00,48.43137014,-123.3762287
2021/2/24 11:00,48.43139814,-123.3762194
2021/2/24 12:00,48.43136927,-123.3762107
2021/2/24 13:00,48.43138,-123.37619
2021/2/24 14:00,48.43136924,-123.3762099
2021/2/24 15:00,48.43139003,-123.3762202
2021/2/24 16:00,48.43137986,-123.3762226
2021/2/24 17:00,48.4313698,-123.376234
2021/2/24 18:00,48.43138295,-123.3762268
2021/2/24 19:00,48.4313795,-123.3761999
2021/2/24 20:00,48.43136976,-123.3762194
2021/2/24 21:00,48.43136215,-123.3762204
2021/2/24 22:00,48.43138,-123.3762
2021/2/24 23:00,48.43138019,-123.3762115
2021/2/25 0:00,48.43137923,-123.3761998
2021/2/25 1:00,48.43138048,-123.37624
2021/2/25 2:00,48.43137937,-123.3762106
2021/2/25 3:00,48.43137072,-123.3761932
2021/2/25 4:00,48.43137066,-123.3762076
2021/2/25 5:00,48.43138016,-123.37621
2021/2/25 6:00,48.43137997,-123.37621
2021/2/25 7:00,48.43138031,-123.3762004
2021/2/25 8:00,48.43136642,-123.376213
2021/2/25 9:00,48.43136998,-123.37623
2021/2/25 10:00,48.43138965,-123.3762103
2021/2/25 11:00,48.43137998,-123.3762302
2021/2/25 12:00,48.4313601,-123.3762203
2021/2/25 13:00,48.43138073,-123.3762102
2021/2/25 14:00,48.43137125,-123.3761993
2021/2/25 15:00,48.43138037,-123.3762073
2021/2/25 16:00,48.43137926,-123.3762169
2021/2/25 17:00,48.4313704,-123.37622
2021/2/25 18:00,48.43136083,-123.3762185
2021/2/25 19:00,48.43137999,-123.3762202
2021/2/25 20:00,48.43138974,-123.3762096
2021/2/25 21:00,48.43136875,-123.3762203
2021/2/25 22:00,48.4313689,-123.3762009
2021/2/25 23:00,48.43137992,-123.3762
2021/2/26 0:00,48.43137025,-123.3762113
2021/2/26 1:00,48.43138005,-123.3761978
2021/2/26 2:00,48.43136985,-123.3761997
2021/2/26 3:00,48.43138059,-123.3762016
2021/2/26 4:00,48.43137108,-123.376201
2021/2/26 5:00,48.43139009,-123.3761919
2021/2/26 6:00,48.43138004,-123.3762099
2021/2/26 7:00,48.43137969,-123.3761982
2021/2/26 8:00,48.43138146,-123.3762095
2021/2/26 9:00,48.43137932,-123.3762219
2021/2/26 10:00,48.43136856,-123.3762111
2021/2/26 11:00,48.43138952,-123.37622
2021/2/26 12:00,48.43140753,-123.3762036
2021/2/26 13:00,48.43136771,-123.3762306
2021/2/26 14:00,48.43138,-123.3762
2021/2/26 15:00,48.43136903,-123.376202
2021/2/26 16:00,48.43136958,-123.3762295
2021/2/26 17:00,48.4313803,-123.3761999
2021/2/26 18:00,48.43137098,-123.3762204
2021/2/26 19:00,48.43138,-123.3762107
2021/2/26 20:00,48.43137222,-123.3762176
2021/2/26 21:00,48.43136961,-123.3762203
2021/2/26 22:00,48.43139,-123.37621
2021/2/26 23:00,48.43138106,-123.3762109
2021/2/27 0:00,48.43136073,-123.3762097
2021/2/27 1:00,48.43136986,-123.37621
2021/2/27 2:00,48.43137972,-123.3762108
2021/2/27 3:00,48.43138002,-123.3761993
2021/2/27 4:00,48.43137995,-123.37621
2021/2/27 5:00,48.43137108,-123.3762295
2021/2/27 6:00,48.43138204,-123.3762203
2021/2/27 7:00,48.43139116,-123.3762009
2021/2/27 8:00,48.43137861,-123.3761995
2021/2/27 9:00,48.43139006,-123.3761899
2021/2/27 10:00,48.43136069,-123.3762101
2021/2/27 11:00,48.43117852,-123.3764181
2021/2/27 12:00,48.43135463,-123.3762151
2021/2/27 13:00,48.43137922,-123.3762189
2021/2/27 14:00,48.43136908,-123.3762075
2021/2/27 15:00,48.4313808,-123.376229
2021/2/27 16:00,48.4313702,-123.3762083
2021/2/27 17:00,48.43137125,-123.3762196
2021/2/27 18:00,48.43137781,-123.3762016
2021/2/27 19:00,48.43138056,-123.3762008
2021/2/27 20:00,48.4311068,-123.3762358
2021/2/27 21:00,48.43076005,-123.3761992
2021/2/27 22:00,48.43046913,-123.3760769
2021/2/27 23:00,48.43023152,-123.375874
2021/2/28 0:00,48.4300447,-123.3755958
2021/2/28 1:00,48.42990614,-123.3752475
2021/2/28 2:00,48.42981333,-123.3748344
2021/2/28 3:00,48.42976373,-123.3743616
2021/2/28 4:00,48.42975483,-123.3738345
2021/2/28 5:00,48.42978411,-123.3732582
2021/2/28 6:00,48.42984905,-123.372638
2021/2/28 7:00,48.42994711,-123.3719791
2021/2/28 8:00,48.43007579,-123.3712868
2021/2/28 9:00,48.43023255,-123.3705663
2021/2/28 10:00,48.43041488,-123.3698228
2021/2/28 11:00,48.43062025,-123.3690615
2021/2/28 12:00,48.43084614,-123.3682878
2021/2/28 13:00,48.43109003,-123.3675067
2021/2/28 14:00,48.4313494,-123.3667236
2021/2/28 15:00,48.43162172,-123.3659437
2021/2/28 16:00,48.43190447,-123.3651722
2021/2/28 17:00,48.43219513,-123.3644144
2021/2/28 18:00,48.43249119,-123.3636755
2021/2/28 19:00,48.4327901,-123.3629606
2021/2/28 20:00,48.43308936,-123.3622752
2021/2/28 21:00,48.43338645,-123.3616243
2021/2/28 22:00,48.43367883,-123.3610132
2021/2/28 23:00,48.43396399,-123.3604472
2021/3/1 0:00,48.4342394,-123.3599314
2021/3/1 1:00,48.43450254,-123.3594712
2021/3/1 2:00,48.4347509,-123.3590718
2021/3/1 3:00,48.43498195,-123.3587383
2021/3/1 4:00,48.43519316,-123.358476
2021/3/1 5:00,48.43538201,-123.3582902
2021/3/1 6:00,48.43554599,-123.3581861
2021/3/1 7:00,48.43568256,-123.3581689
2021/3/1 8:00,48.43578922,-123.3582438
2021/3/1 9:00,48.43586343,-123.3584162
2021/3/1 10:00,48.43590267,-123.3586911
2021/3/1 11:00,48.43590442,-123.3590739
2021/3/1 12:00,48.43586616,-123.3595698
2021/3/1 13:00,48.43578537,-123.360184
2021/3/1 14:00,48.43565952,-123.3609217
2021/3/1 15:00,48.4354861,-123.3617883
2021/3/1 16:00,48.43526258,-123.3627888
2021/3/1 17:00,48.43498643,-123.3639286
2021/3/1 18:00,48.43465514,-123.3652129
2021/3/1 19:00,48.43426618,-123.3666469
2021/3/1 20:00,48.43381704,-123.3682359
2021/3/1 21:00,48.43330518,-123.369985
2021/3/1 22:00,48.43272809,-123.3718996
2021/3/1 23:00,48.43208324,-123.3739848
2021/3/2 0:00,48.43136813,-123.3762458
2021/3/2 1:00,48.43137157,-123.376232
2021/3/2 2:00,48.43138107,-123.37621
2021/3/2 3:00,48.43138145,-123.3761897
2021/3/2 4:00,48.43139001,-123.3761802
2021/3/2 5:00,48.43137997,-123.3762201
2021/3/2 6:00,48.4313782,-123.3762226
2021/3/2 7:00,48.43137906,-123.3762099
2021/3/2 8:00,48.43137201,-123.3762145
2021/3/2 9:00,48.43135021,-123.3762057
2021/3/2 10:00,48.43136,-123.3762
2021/3/2 11:00,48.4313601,-123.3761918
2021/3/2 12:00,48.43133,-123.37618
2021/3/2 13:00,48.43139851,-123.3762262
2021/3/2 14:00,48.43136065,-123.37619
2021/3/2 15:00,48.43137029,-123.3762077
2021/3/2 16:00,48.43137027,-123.3762281
2021/3/2 17:00,48.43147954,-123.3762998
2021/3/2 18:00,48.43146921,-123.3762998
2021/3/2 19:00,48.43147753,-123.3763096
2021/3/2 20:00,48.43151,-123.37625
2021/3/2 21:00,48.43151043,-123.3762423
2021/3/2 22:00,48.43151134,-123.3762437
2021/3/2 23:00,48.43149909,-123.3762722
2021/3/3 0:00,48.43145279,-123.3763392
2021/3/3 1:00,48.43151,-123.37627
2021/3/3 2:00,48.43147422,-123.3763204
2021/3/3 3:00,48.43146999,-123.37631
2021/3/3 4:00,48.43148,-123.37629
2021/3/3 5:00,48.43146999,-123.3763209
2021/3/3 6:00,48.43148153,-123.3763001
2021/3/3 7:00,48.43147914,-123.3763021
2021/3/3 8:00,48.43148648,-123.3763037
2021/3/3 9:00,48.43149988,-123.37626
2021/3/3 10:00,48.43150974,-123.3762571
2021/3/3 11:00,48.43152627,-123.3762579
2021/3/3 12:00,48.43148996,-123.3762599
2021/3/3 13:00,48.43147968,-123.3763202
2021/3/3 14:00,48.43148,-123.37632
2021/3/3 15:00,48.43147,-123.3763
2021/3/3 16:00,48.43148012,-123.3762976
2021/3/3 17:00,48.43148042,-123.3763099
2021/3/3 18:00,48.43147053,-123.3763071
2021/3/3 19:00,48.4314723,-123.3763012
2021/3/3 20:00,48.43148992,-123.376278
2021/3/3 21:00,48.43150977,-123.376277
2021/3/3 22:00,48.43150066,-123.3762611
2021/3/3 23:00,48.43150997,-123.3762691
2021/3/4 0:00,48.43149549,-123.376266
2021/3/4 1:00,48.43151098,-123.3762694
2021/3/4 2:00,48.43147,-123.37632
2021/3/4 3:00,48.43146133,-123.3763084
2021/3/4 4:00,48.43148999,-123.3763101
2021/3/4 5:00,48.43145128,-123.3762989
2021/3/4 6:00,48.43146973,-123.3763202
2021/3/4 7:00,48.43147208,-123.3763061
2021/3/4 8:00,48.43151325,-123.3762706
2021/3/4 9:00,48.43151,-123.3762706
2021/3/4 10:00,48.43153656,-123.3762376
2021/3/4 11:00,48.43149027,-123.3762572
2021/3/4 12:00,48.43149687,-123.3762367
2021/3/4 13:00,48.43149976,-123.3762604
2021/3/4 14:00,48.43151258,-123.3762577
2021/3/4 15:00,48.43147614,-123.3763494
2021/3/4 16:00,48.43146971,-123.37633
2021/3/4 17:00,48.43144868,-123.3762936
2021/3/4 18:00,48.43147967,-123.3762994
2021/3/4 19:00,48.43148037,-123.3763076
2021/3/4 20:00,48.43147629,-123.3762946
2021/3/4 21:00,48.43150136,-123.3762702
2021/3/4 22:00,48.4315109,-123.3762429
2021/3/4 23:00,48.43150058,-123.3762602
2021/3/5 0:00,48.43149003,-123.37626
2021/3/5 1:00,48.43150993,-123.3762513
2021/3/5 2:00,48.43151848,-123.3762718
2021/3/5 3:00,48.43149004,-123.3762612
2021/3/5 4:00,48.4314688,-123.3763077
2021/3/5 5:00,48.43146879,-123.3763182
2021/3/5 6:00,48.4314722,-123.3763082
2021/3/5 7:00,48.43147998,-123.3763204
2021/3/5 8:00,48.43150076,-123.3762685
2021/3/5 9:00,48.43150019,-123.3762404
2021/3/5 10:00,48.43151005,-123.37626
2021/3/5 11:00,48.43151,-123.37624
2021/3/5 12:00,48.43149775,-123.3762607
2021/3/5 13:00,48.43151269,-123.3762602
2021/3/5 14:00,48.4315212,-123.3762593
2021/3/5 15:00,48.43151864,-123.3762557
2021/3/5 16:00,48.43150898,-123.3762614
2021/3/5 17:00,48.43147131,-123.3762916
2021/3/5 18:00,48.43148933,-123.3762908
2021/3/5 19:00,48.43148145,-123.3763187
2021/3/5 20:00,48.43147665,-123.3763136
2021/3/5 21:00,48.43150033,-123.3762622
2021/3/5 22:00,48.4315198,-123.3762506
2021/3/5 23:00,48.43147994,-123.3762598
2021/3/6 0:00,48.43149108,-123.3762452
2021/3/6 1:00,48.43085809,-123.3765996
2021/3/6 2:00,48.430244,-123.3769208
2021/3/6 3:00,48.42964933,-123.3772098
2021/3/6 4:00,48.42907462,-123.3774678
2021/3/6 5:00,48.42852039,-123.3776961
2021/3/6 6:00,48.42798714,-123.3778958
2021/3/6 7:00,48.42747542,-123.3780681
2021/3/6 8:00,48.42698574,-123.3782143
2021/3/6 9:00,48.42651863,-123.3783354
2021/3/6 10:00,48.42607461,-123.3784328
2021/3/6 11:00,48.4256542,-123.3785076
2021/3/6 12:00,48.42525792,-123.378561
2021/3/6 13:00,48.42488631,-123.3785941
2021/3/6 14:00,48.42453987,-123.3786083
2021/3/6 15:00,48.42421914,-123.3786046
2021/3/6 16:00,48.42392464,-123.3785843
2021/3/6 17:00,48.42365689,-123.3785486
2021/3/6 18:00,48.42341642,-123.3784986
2021/3/6 19:00,48.42320374,-123.3784356
2021/3/6 20:00,48.42301939,-123.3783608
2021/3/6 21:00,48.42286388,-123.3782753
2021/3/6 22:00,48.42273773,-123.3781803
2021/3/6 23:00,48.42264148,-123.378077
2021/3/7 0:00,48.42257564,-123.3779667
2021/3/7 1:00,48.42254073,-123.3778505
2021/3/7 2:00,48.42253729,-123.3777296
2021/3/7 3:00,48.42256583,-123.3776052
2021/3/7 4:00,48.42262687,-123.3774785
2021/3/7 5:00,48.42272095,-123.3773507
2021/3/7 6:00,48.42284858,-123.377223
2021/3/7 7:00,48.42301028,-123.3770965
2021/3/7 8:00,48.42320658,-123.3769726
2021/3/7 9:00,48.423438,-123.3768523
2021/3/7 10:00,48.42370507,-123.3767368
2021/3/7 11:00,48.42400831,-123.3766275
2021/3/7 12:00,48.42434824,-123.3765253
2021/3/7 13:00,48.42472539,-123.3764317
2021/3/7 14:00,48.42514027,-123.3763476
2021/3/7 15:00,48.42559341,-123.3762744
2021/3/7 16:00,48.42608534,-123.3762132
2021/3/7 17:00,48.42661657,-123.3761653
2021/3/7 18:00,48.42718764,-123.3761317
2021/3/7 19:00,48.42779906,-123.3761138
2021/3/7 20:00,48.42845135,-123.3761126
2021/3/7 21:00,48.42914505,-123.3761295
2021/3/7 22:00,48.42988067,-123.3761655
2021/3/7 23:00,48.43065873,-123.376222
2021/3/8 0:00,48.43147977,-123.3763
2021/3/8 1:00,48.43148999,-123.3762908
2021/3/8 2:00,48.4314814,-123.3763194
2021/3/8 3:00,48.43147311,-123.3762847
2021/3/8 4:00,48.43149267,-123.3763086
2021/3/8 5:00,48.43148003,-123.3763227
2021/3/8 6:00,48.43149047,-123.3762996
2021/3/8 7:00,48.43147922,-123.37631
2021/3/8 8:00,48.43147133,-123.3763184
2021/3/8 9:00,48.43146146,-123.3763112
2021/3/8 10:00,48.43147019,-123.37632
2021/3/8 11:00,48.43145793,-123.3763199
2021/3/8 12:00,48.43148322,-123.3762898
2021/3/8 13:00,48.43148062,-123.3763099
2021/3/8 14:00,48.43145131,-123.3763197
2021/3/8 15:00,48.43147195,-123.3763069
2021/3/8 16:00,48.43147029,-123.376325
2021/3/8 17:00,48.43147998,-123.3763207
2021/3/8 18:00,48.43147986,-123.3763019
2021/3/8 19:00,48.43148966,-123.3763091
2021/3/8 20:00,48.43133791,-123.3759754
2021/3/8 21:00,48.43147234,-123.3762986
2021/3/8 22:00,48.43146756,-123.3763232
2021/3/8 23:00,48.43148969,-123.3762586
2021/3/9 0:00,48.43149,-123.37631
2021/3/9 1:00,48.4315,-123.37624
2021/3/9 2:00,48.43145521,-123.3763212
2021/3/9 3:00,48.43147045,-123.3762994
2021/3/9 4:00,48.43146873,-123.3763187
2021/3/9 5:00,48.43148026,-123.3763031
2021/3/9 6:00,48.43147069,-123.37631
2021/3/9 7:00,48.43148087,-123.3763094
2021/3/9 8:00,48.43147955,-123.3763215
2021/3/9 9:00,48.43151558,-123.3762593
2021/3/9 10:00,48.43147485,-123.3763165
2021/3/9 11:00,48.43146852,-123.3763013
2021/3/9 12:00,48.43147955,-123.3763115
2021/3/9 13:00,48.4315831,-123.3762062
2021/3/9 14:00,48.43150015,-123.3762715
2021/3/9 15:00,48.43153038,-123.3762393
2021/3/9 16:00,48.43148028,-123.3763098
2021/3/9 17:00,48.43148771,-123.3763225
2021/3/9 18:00,48.43147932,-123.3763107
2021/3/9 19:00,48.43147,-123.37631
2021/3/9 20:00,48.43148767,-123.3763109
2021/3/9 21:00,48.43148984,-123.3762972
2021/3/9 22:00,48.43147324,-123.3763083
2021/3/9 23:00,48.43147867,-123.3763021
2021/3/10 0:00,48.43146985,-123.3763099
2021/3/10 1:00,48.43147093,-123.3763062
2021/3/10 2:00,48.43148951,-123.376295
2021/3/10 3:00,48.43148024,-123.376302
2021/3/10 4:00,48.43148987,-123.3763191
2021/3/10 5:00,48.43148092,-123.3763003
2021/3/10 6:00,48.43147,-123.37631
2021/3/10 7:00,48.43148,-123.37631
2021/3/10 8:00,48.4314904,-123.3763098
2021/3/10 9:00,48.43147903,-123.3762939
2021/3/10 10:00,48.43154287,-123.3762749
2021/3/10 11:00,48.43147964,-123.3762611
2021/3/10 12:00,48.4314903,-123.3763199
2021/3/10 13:00,48.43147905,-123.3763019
2021/3/10 14:00,48.43146985,-123.3762909
2021/3/10 15:00,48.43146996,-123.37631
2021/3/10 16:00,48.43145114,-123.3763275
2021/3/10 17:00,48.43147034,-123.3763083
2021/3/10 18:00,48.43147153,-123.3763005
2021/3/10 19:00,48.4314716,-123.3762934
2021/3/10 20:00,48.43147036,-123.3763097
2021/3/10 21:00,48.4315262,-123.3762265
2021/3/10 22:00,48.43151571,-123.3762623
2021/3/10 23:00,48.4314999,-123.37624
2021/3/11 0:00,48.4315137,-123.3762361
2021/3/11 1:00,48.43146991,-123.3762906
2021/3/11 2:00,48.42711933,-123.3721195
2021/3/11 3:00,48.33868429,-123.4676603
2021/3/11 4:00,48.29525242,-123.6639873
2021/3/11 5:00,48.32356675,-123.8883263
2021/3/11 6:00,48.36764211,-124.0937669
2021/3/11 7:00,48.42036475,-124.2930082
2021/3/11 8:00,48.47571445,-124.4940922
2021/3/11 9:00,48.52910445,-124.693413
2021/3/11 10:00,48.57125477,-124.853945
2021/3/11 11:00,48.61791288,-125.0287585
2021/3/11 12:00,48.6872749,-125.216618
2021/3/11 13:00,48.79439584,-125.3977838
2021/3/11 14:00,48.90748448,-125.4909975
2021/3/11 15:00,48.95029044,-125.5574043
2021/3/11 16:00,48.95026962,-125.5573787
2021/3/11 17:00,48.95027,-125.5573799
2021/3/11 18:00,48.95027006,-125.5573804
2021/3/11 19:00,48.95027142,-125.5573694
2021/3/11 20:00,48.95027,-125.5573809
2021/3/11 21:00,48.95026994,-125.5573697
2021/3/11 22:00,48.9502611,-125.55733
2021/3/11 23:00,48.95024017,-125.5573273
2021/3/12 0:00,48.95025,-125.55731
2021/3/12 1:00,48.95024896,-125.5572864
2021/3/12 2:00,48.95024614,-125.5572222
2021/3/12 3:00,48.95024166,-125.5571203
2021/3/12 4:00,48.95023563,-125.5569833
2021/3/12 5:00,48.95022818,-125.5568139
2021/3/12 6:00,48.95021943,-125.5566148
2021/3/12 7:00,48.95020948,-125.5563888
2021/3/12 8:00,48.95019847,-125.5561385
2021/3/12 9:00,48.95018652,-125.5558667
2021/3/12 10:00,48.95017373,-125.555576
2021/3/12 11:00,48.95016023,-125.5552691
2021/3/12 12:00,48.95014614,-125.5549489
2021/3/12 13:00,48.95013158,-125.5546179
2021/3/12 14:00,48.95011667,-125.5542789
2021/3/12 15:00,48.95010152,-125.5539345
2021/3/12 16:00,48.95008626,-125.5535876
2021/3/12 17:00,48.95007101,-125.5532408
2021/3/12 18:00,48.95005587,-125.5528968
2021/3/12 19:00,48.95004098,-125.5525583
2021/3/12 20:00,48.95002646,-125.5522281
2021/3/12 21:00,48.95001241,-125.5519088
2021/3/12 22:00,48.94999896,-125.5516031
2021/3/12 23:00,48.94998623,-125.5513137
2021/3/13 0:00,48.94997434,-125.5510435
2021/3/13 1:00,48.94996341,-125.550795
2021/3/13 2:00,48.94995356,-125.5505709
2021/3/13 3:00,48.94994489,-125.5503741
2021/3/13 4:00,48.94993755,-125.5502071
2021/3/13 5:00,48.94993164,-125.5500727
2021/3/13 6:00,48.94992728,-125.5499736
2021/3/13 7:00,48.94992459,-125.5499126
2021/3/13 8:00,48.9499237,-125.5498922
2021/3/13 9:00,48.94992471,-125.5499153
2021/3/13 10:00,48.94992775,-125.5499845
2021/3/13 11:00,48.94993294,-125.5501025
2021/3/13 12:00,48.9499404,-125.5502721
2021/3/13 13:00,48.94995025,-125.5504959
2021/3/13 14:00,48.9499626,-125.5507767
2021/3/13 15:00,48.94997758,-125.5511171
2021/3/13 16:00,48.9499953,-125.55152
2021/3/13 17:00,48.95001588,-125.5519879
2021/3/13 18:00,48.95003944,-125.5525236
2021/3/13 19:00,48.95006611,-125.5531298
2021/3/13 20:00,48.950096,-125.5538092
2021/3/13 21:00,48.95012922,-125.5545645
2021/3/13 22:00,48.95016591,-125.5553984
2021/3/13 23:00,48.95020617,-125.5563136
2021/3/14 0:00,48.95025012,-125.5573129
2021/3/14 1:00,48.9502596,-125.557348
2021/3/14 2:00,48.95025018,-125.55732
2021/3/14 3:00,48.95025,-125.55733
2021/3/14 4:00,48.95026998,-125.557331
2021/3/14 5:00,48.95027001,-125.5573965
2021/3/14 6:00,48.95028003,-125.5573799
2021/3/14 7:00,48.95028007,-125.5573811
2021/3/14 8:00,48.95027014,-125.55739
2021/3/14 9:00,48.95028,-125.5573782
2021/3/14 10:00,48.95027009,-125.5573909
2021/3/14 11:00,48.95025843,-125.5573203
2021/3/14 12:00,48.95026087,-125.55733
2021/3/14 13:00,48.95027017,-125.5573186
2021/3/14 14:00,48.95027005,-125.5573501
2021/3/14 15:00,48.95026167,-125.5573265
2021/3/14 16:00,48.95025917,-125.5572695
2021/3/14 17:00,48.95022967,-125.5573254
2021/3/14 18:00,48.95024655,-125.5573213
2021/3/14 19:00,48.95027,-125.5573811
2021/3/14 20:00,48.95027,-125.5573791
2021/3/14 21:00,48.95027,-125.5573803
2021/3/14 22:00,48.95025946,-125.5573469
2021/3/14 23:00,48.95024112,-125.5573312
2021/3/15 0:00,48.95026162,-125.5573336
2021/3/15 1:00,48.95025936,-125.557329
2021/3/15 2:00,48.95025184,-125.5573317
2021/3/15 3:00,48.95025001,-125.5573386
2021/3/15 4:00,48.9502601,-125.5573194
2021/3/15 5:00,48.95025475,-125.5573302
2021/3/15 6:00,48.95025295,-125.5573183
2021/3/15 7:00,48.95027,-125.55738
2021/3/15 8:00,48.95027922,-125.5573899
2021/3/15 9:00,48.95027,-125.55738
2021/3/15 10:00,48.95026113,-125.55738
2021/3/15 11:00,48.95025137,-125.5573301
2021/3/15 12:00,48.95025019,-125.5573156
2021/3/15 13:00,48.95026848,-125.55732
2021/3/15 14:00,48.95025918,-125.55733
2021/3/15 15:00,48.95025861,-125.55733
2021/3/15 16:00,48.95025778,-125.5573212
2021/3/15 17:00,48.95023577,-125.5573787
2021/3/15 18:00,48.95025854,-125.5573213
2021/3/15 19:00,48.95026453,-125.5573418
2021/3/15 20:00,48.95027991,-125.5573866
2021/3/15 21:00,48.95027,-125.5573789
2021/3/15 22:00,48.95026151,-125.5573797
2021/3/15 23:00,48.95027007,-125.5573796
2021/3/16 0:00,48.95025,-125.5573295
2021/3/16 1:00,48.95024961,-125.5573275
2021/3/16 2:00,48.95026044,-125.5573299
2021/3/16 3:00,48.95024033,-125.5573072
2021/3/16 4:00,48.95026986,-125.5573295
2021/3/16 5:00,48.95025001,-125.55732
2021/3/16 6:00,48.9502502,-125.557331
2021/3/16 7:00,48.95024915,-125.55733
2021/3/16 8:00,48.95026974,-125.5573793
2021/3/16 9:00,48.95027,-125.5573799
2021/3/16 10:00,48.950258,-125.5573904
2021/3/16 11:00,48.95024637,-125.5573164
2021/3/16 12:00,48.95026028,-125.5573318
2021/3/16 13:00,48.95025934,-125.557312
2021/3/16 14:00,48.95025,-125.5573297
2021/3/16 15:00,48.95024995,-125.5573295
2021/3/16 16:00,48.95024771,-125.557332
2021/3/16 17:00,48.95025129,-125.5573509
2021/3/16 18:00,48.95024061,-125.5573295
2021/3/16 19:00,48.95027941,-125.5573468
2021/3/16 20:00,48.95026113,-125.5573369
2021/3/16 21:00,48.95027034,-125.5573776
2021/3/16 22:00,48.95027985,-125.5573898
2021/3/16 23:00,48.95027157,-125.5573692
2021/3/17 0:00,48.95025,-125.5573272
2021/3/17 1:00,48.9502499,-125.5573287
2021/3/17 2:00,48.95025925,-125.5573101
2021/3/17 3:00,48.95024835,-125.5572841
2021/3/17 4:00,48.95025932,-125.557322
2021/3/17 5:00,48.95025005,-125.5573208
2021/3/17 6:00,48.95024998,-125.5573207
2021/3/17 7:00,48.95025898,-125.5573215
2021/3/17 8:00,48.95024969,-125.5573296
2021/3/17 9:00,48.95024661,-125.5573257
2021/3/17 10:00,48.95025754,-125.5573902
2021/3/17 11:00,48.95025732,-125.5573789
2021/3/17 12:00,48.9502505,-125.5572995
2021/3/17 13:00,48.9502586,-125.5573508
2021/3/17 14:00,48.95024999,-125.5573102
2021/3/17 15:00,48.95025002,-125.5573207
2021/3/17 16:00,48.95022094,-125.5573257
2021/3/17 17:00,48.95023902,-125.5573512
2021/3/17 18:00,48.95025099,-125.5573495
2021/3/17 19:00,48.95025002,-125.5573208
2021/3/17 20:00,48.95025186,-125.5573432
2021/3/17 21:00,48.95026138,-125.5573515
2021/3/17 22:00,48.95027163,-125.5573799
2021/3/17 23:00,48.95047496,-125.5572487
2021/3/18 0:00,48.95119215,-125.5569649
2021/3/18 1:00,48.95188701,-125.5569392
2021/3/18 2:00,48.95255904,-125.557156
2021/3/18 3:00,48.95320776,-125.5575995
2021/3/18 4:00,48.95383267,-125.558254
2021/3/18 5:00,48.95443327,-125.5591037
2021/3/18 6:00,48.95500908,-125.560133
2021/3/18 7:00,48.95555959,-125.5613262
2021/3/18 8:00,48.95608432,-125.5626675
2021/3/18 9:00,48.95658278,-125.5641412
2021/3/18 10:00,48.95705446,-125.5657316
2021/3/18 11:00,48.95749889,-125.567423
2021/3/18 12:00,48.95791555,-125.5691997
2021/3/18 13:00,48.95830396,-125.5710459
2021/3/18 14:00,48.95866363,-125.572946
2021/3/18 15:00,48.95899407,-125.5748842
2021/3/18 16:00,48.95929477,-125.5768448
2021/3/18 17:00,48.95956525,-125.5788121
2021/3/18 18:00,48.95980501,-125.5807704
2021/3/18 19:00,48.96001356,-125.5827039
2021/3/18 20:00,48.9601904,-125.584597
2021/3/18 21:00,48.96033505,-125.5864339
2021/3/18 22:00,48.96044701,-125.5881989
2021/3/18 23:00,48.96052579,-125.5898764
2021/3/19 0:00,48.96057089,-125.5914505
2021/3/19 1:00,48.96058181,-125.5929056
2021/3/19 2:00,48.96055808,-125.5942259
2021/3/19 3:00,48.96049918,-125.5953958
2021/3/19 4:00,48.96040464,-125.5963995
2021/3/19 5:00,48.96027395,-125.5972213
2021/3/19 6:00,48.96010663,-125.5978454
2021/3/19 7:00,48.95990217,-125.5982563
2021/3/19 8:00,48.95966009,-125.5984381
2021/3/19 9:00,48.95937989,-125.5983752
2021/3/19 10:00,48.95906109,-125.5980518
2021/3/19 11:00,48.95870318,-125.5974522
2021/3/19 12:00,48.95830567,-125.5965607
2021/3/19 13:00,48.95786807,-125.5953616
2021/3/19 14:00,48.95738989,-125.5938391
2021/3/19 15:00,48.95687063,-125.5919776
2021/3/19 16:00,48.95630979,-125.5897613
2021/3/19 17:00,48.9557069,-125.5871746
2021/3/19 18:00,48.95506145,-125.5842016
2021/3/19 19:00,48.95437294,-125.5808268
2021/3/19 20:00,48.9536409,-125.5770343
2021/3/19 21:00,48.95286481,-125.5728084
2021/3/19 22:00,48.9520442,-125.5681335
2021/3/19 23:00,48.95117856,-125.5629939
2021/3/20 0:00,48.95026743,-125.5573739
2021/3/20 1:00,48.95025209,-125.5573327
2021/3/20 2:00,48.95028166,-125.5573965
2021/3/20 3:00,48.95028028,-125.5573762
2021/3/20 4:00,48.95027005,-125.5573812
2021/3/20 5:00,48.95027,-125.5573803
2021/3/20 6:00,48.95027985,-125.5573702
2021/3/20 7:00,48.95027983,-125.5573967
2021/3/20 8:00,48.9502707,-125.5573999
2021/3/20 9:00,48.95028048,-125.5573887
2021/3/20 10:00,48.95026888,-125.5573911
2021/3/20 11:00,48.9502699,-125.5573888
2021/3/20 12:00,48.95026832,-125.5573801
2021/3/20 13:00,48.95026001,-125.5573196
2021/3/20 14:00,48.95027519,-125.5573811
2021/3/20 15:00,48.95027029,-125.5573811
2021/3/20 16:00,48.95025723,-125.5573483
2021/3/20 17:00,48.95026946,-125.5573806
2021/3/20 18:00,48.95027,-125.5573801
2021/3/20 19:00,48.95027,-125.55737
2021/3/20 20:00,48.95026059,-125.5573708
2021/3/20 21:00,48.95027,-125.557379
2021/3/20 22:00,48.95027039,-125.55738
2021/3/20 23:00,48.9502685,-125.5573695
2021/3/21 0:00,48.95026775,-125.5573641
2021/3/21 1:00,48.95027001,-125.5572959
2021/3/21 2:00,48.95024242,-125.557336
2021/3/21 3:00,48.95025229,-125.557324
2021/3/21 4:00,48.95026923,-125.557391
2021/3/21 5:00,48.95027,-125.5573626
2021/3/21 6:00,48.95026964,-125.5573699
2021/3/21 7:00,48.95027,-125.5574014
2021/3/21 8:00,48.95027012,-125.5573714
2021/3/21 9:00,48.95026886,-125.55737
2021/3/21 10:00,48.95027129,-125.5573889
2021/3/21 11:00,48.95026989,-125.5573802
2021/3/21 12:00,48.95027893,-125.5573905
2021/3/21 13:00,48.95026051,-125.5573355
2021/3/21 14:00,48.95026103,-125.5573291
2021/3/21 15:00,48.95025844,-125.5573164
2021/3/21 16:00,48.95028212,-125.5573821
2021/3/21 17:00,48.95028,-125.5573807
2021/3/21 18:00,48.95026964,-125.5573821
2021/3/21 19:00,48.95029124,-125.5573803
2021/3/21 20:00,48.95027154,-125.5573983
2021/3/21 21:00,48.95029146,-125.55739
2021/3/21 22:00,48.95027979,-125.5573794
2021/3/21 23:00,48.95027,-125.55739
2021/3/22 0:00,48.95028999,-125.5573808
2021/3/22 1:00,48.95027038,-125.5573301
2021/3/22 2:00,48.95025,-125.5573501
2021/3/22 3:00,48.95027918,-125.5573793
2021/3/22 4:00,48.95027,-125.55739
2021/3/22 5:00,48.95027,-125.5573699
2021/3/22 6:00,48.95027,-125.5573818
2021/3/22 7:00,48.95027026,-125.5573906
2021/3/22 8:00,48.95027003,-125.5573912
2021/3/22 9:00,48.95027002,-125.5573799
2021/3/22 10:00,48.95027,-125.5573795
2021/3/22 11:00,48.9502617,-125.5573814
2021/3/22 12:00,48.95028902,-125.5573703
2021/3/22 13:00,48.95026979,-125.5573812
2021/3/22 14:00,48.95025113,-125.55731
2021/3/22 15:00,48.95026079,-125.5573201
2021/3/22 16:00,48.95024302,-125.5573462
2021/3/22 17:00,48.95026997,-125.5573799
2021/3/22 18:00,48.95026998,-125.5573715
2021/3/22 19:00,48.95025962,-125.5573702
2021/3/22 20:00,48.95026954,-125.5573813
2021/3/22 21:00,48.95025989,-125.55737
2021/3/22 22:00,48.95026007,-125.5573718
2021/3/22 23:00,48.95027105,-125.5573814
2021/3/23 0:00,48.95027009,-125.5573788
2021/3/23 1:00,48.95025995,-125.5573905
2021/3/23 2:00,48.95024347,-125.5573351
2021/3/23 3:00,48.950251,-125.5573106
2021/3/23 4:00,48.95025001,-125.5573199
2021/3/23 5:00,48.95027267,-125.5573864
2021/3/23 6:00,48.95026999,-125.5573801
2021/3/23 7:00,48.9502688,-125.5573897
2021/3/23 8:00,48.95027001,-125.5573893
2021/3/23 9:00,48.95026898,-125.5573806
2021/3/23 10:00,48.95026238,-125.5573886
2021/3/23 11:00,48.95027008,-125.557373
2021/3/23 12:00,48.95026899,-125.5573917
2021/3/23 13:00,48.95027069,-125.5573284
2021/3/23 14:00,48.95024987,-125.5573206
2021/3/23 15:00,48.95024977,-125.5573304
2021/3/23 16:00,48.95024119,-125.5573325
2021/3/23 17:00,48.95025004,-125.5573344
2021/3/23 18:00,48.95027002,-125.5573794
2021/3/23 19:00,48.95028089,-125.55738
2021/3/23 20:00,48.95027979,-125.557369
2021/3/23 21:00,48.95026896,-125.5573711
2021/3/23 22:00,48.95027908,-125.55736
2021/3/23 23:00,48.95028031,-125.5573586
2021/3/24 0:00,48.95029364,-125.557365
2021/3/24 1:00,48.95093139,-125.55713
2021/3/24 2:00,48.95148478,-125.5569221
2021/3/24 3:00,48.95195754,-125.5567404
2021/3/24 4:00,48.9523534,-125.5565837
2021/3/24 5:00,48.95267609,-125.5564508
2021/3/24 6:00,48.95292935,-125.5563407
2021/3/24 7:00,48.9531169,-125.5562521
2021/3/24 8:00,48.95324247,-125.5561841
2021/3/24 9:00,48.9533098,-125.5561354
2021/3/24 10:00,48.95332262,-125.556105
2021/3/24 11:00,48.95328465,-125.5560917
2021/3/24 12:00,48.95319963,-125.5560943
2021/3/24 13:00,48.95307128,-125.5561119
2021/3/24 14:00,48.95290334,-125.5561432
2021/3/24 15:00,48.95269954,-125.5561871
2021/3/24 16:00,48.95246361,-125.5562425
2021/3/24 17:00,48.95219928,-125.5563083
2021/3/24 18:00,48.95191027,-125.5563833
2021/3/24 19:00,48.95160033,-125.5564665
2021/3/24 20:00,48.95127318,-125.5565566
2021/3/24 21:00,48.95093255,-125.5566526
2021/3/24 22:00,48.95058217,-125.5567534
2021/3/24 23:00,48.95022578,-125.5568578
2021/3/25 0:00,48.94986709,-125.5569647
2021/3/25 1:00,48.94950986,-125.557073
2021/3/25 2:00,48.94915779,-125.5571816
2021/3/25 3:00,48.94881463,-125.5572893
2021/3/25 4:00,48.94848411,-125.557395
2021/3/25 5:00,48.94816995,-125.5574975
2021/3/25 6:00,48.94787589,-125.5575959
2021/3/25 7:00,48.94760565,-125.5576888
2021/3/25 8:00,48.94736297,-125.5577753
2021/3/25 9:00,48.94715158,-125.5578542
2021/3/25 10:00,48.94697521,-125.5579243
2021/3/25 11:00,48.94683759,-125.5579846
2021/3/25 12:00,48.94674245,-125.5580339
2021/3/25 13:00,48.94669352,-125.5580711
2021/3/25 14:00,48.94669452,-125.558095
2021/3/25 15:00,48.9467492,-125.5581046
2021/3/25 16:00,48.94686129,-125.5580987
2021/3/25 17:00,48.9470345,-125.5580762
2021/3/25 18:00,48.94727258,-125.558036
2021/3/25 19:00,48.94757925,-125.557977
2021/3/25 20:00,48.94795825,-125.5578979
2021/3/25 21:00,48.9484133,-125.5577978
2021/3/25 22:00,48.94894813,-125.5576754
2021/3/25 23:00,48.94956649,-125.5575297
2021/3/26 0:00,48.95027207,-125.5573595
2021/3/26 1:00,48.95027,-125.5573513
2021/3/26 2:00,48.95028432,-125.5573804
2021/3/26 3:00,48.95026998,-125.5573098
2021/3/26 4:00,48.95027013,-125.5573097
2021/3/26 5:00,48.95026,-125.55732
2021/3/26 6:00,48.95026,-125.55727
2021/3/26 7:00,48.95026103,-125.5573116
2021/3/26 8:00,48.95025917,-125.557311
2021/3/26 9:00,48.95027216,-125.557308
2021/3/26 10:00,48.95028925,-125.5573605
2021/3/26 11:00,48.95028087,-125.5573701
2021/3/26 12:00,48.95028895,-125.5573712
2021/3/26 13:00,48.95027007,-125.5573103
2021/3/26 14:00,48.95027114,-125.5572895
2021/3/26 15:00,48.95024197,-125.55731
2021/3/26 16:00,48.9502499,-125.5573009
2021/3/26 17:00,48.95025997,-125.5573195
2021/3/26 18:00,48.95025209,-125.5573094
2021/3/26 19:00,48.95025057,-125.5572906
2021/3/26 20:00,48.95024039,-125.5572879
2021/3/26 21:00,48.95026184,-125.5573101
2021/3/26 22:00,48.95026139,-125.5573638
2021/3/26 23:00,48.9502702,-125.5573612
2021/3/27 0:00,48.95027062,-125.55736
2021/3/27 1:00,48.95027999,-125.55736
2021/3/27 2:00,48.95024976,-125.5573001
2021/3/27 3:00,48.95025796,-125.557312
2021/3/27 4:00,48.95026059,-125.5573144
2021/3/27 5:00,48.95027105,-125.5573009
2021/3/27 6:00,48.95025945,-125.557291
2021/3/27 7:00,48.95026053,-125.5572927
2021/3/27 8:00,48.95025,-125.5572901
2021/3/27 9:00,48.95026649,-125.5573208
2021/3/27 10:00,48.95023937,-125.5573269
2021/3/27 11:00,48.95027816,-125.5573548
2021/3/27 12:00,48.9502913,-125.5573597
2021/3/27 13:00,48.95029325,-125.5573675
2021/3/27 14:00,48.95027658,-125.557296
2021/3/27 15:00,48.95025983,-125.5573281
2021/3/27 16:00,48.95027301,-125.5572987
2021/3/27 17:00,48.95025991,-125.5573095
2021/3/27 18:00,48.95026188,-125.5572713
2021/3/27 19:00,48.95026844,-125.5573008
2021/3/27 20:00,48.95025129,-125.5572928
2021/3/27 21:00,48.95027,-125.55732
2021/3/27 22:00,48.95025987,-125.5573085
2021/3/27 23:00,48.95026001,-125.5573108
2021/3/28 0:00,48.95027068,-125.5572917
2021/3/28 1:00,48.95028115,-125.5573693
2021/3/28 2:00,48.9502807,-125.5573851
2021/3/28 3:00,48.95027999,-125.5573196
2021/3/28 4:00,48.95026885,-125.55731
2021/3/28 5:00,48.95026975,-125.5572992
2021/3/28 6:00,48.95027112,-125.5572882
2021/3/28 7:00,48.95026004,-125.5572901
2021/3/28 8:00,48.95026064,-125.5573098
2021/3/28 9:00,48.95027903,-125.557327
2021/3/28 10:00,48.95023894,-125.5573311
2021/3/28 11:00,48.95024908,-125.5573109
2021/3/28 12:00,48.95028025,-125.557313
2021/3/28 13:00,48.95026194,-125.5573699
2021/3/28 14:00,48.95028769,-125.557351
2021/3/28 15:00,48.95020836,-125.5572635
2021/3/28 16:00,48.95027791,-125.5572812
2021/3/28 17:00,48.95025,-125.5573001
2021/3/28 18:00,48.95024058,-125.5572543
2021/3/28 19:00,48.95023928,-125.5573117
2021/3/28 20:00,48.95025,-125.55732
2021/3/28 21:00,48.95026,-125.5573089
2021/3/28 22:00,48.95024001,-125.5573177
2021/3/28 23:00,48.95024897,-125.557291
2021/3/29 0:00,48.95024031,-125.5572999
2021/3/29 1:00,48.95025001,-125.557289
2021/3/29 2:00,48.95026024,-125.5573588
2021/3/29 3:00,48.9502693,-125.5570157
2021/3/29 4:00,48.95025156,-125.55729
2021/3/29 5:00,48.95024394,-125.5572808
2021/3/29 6:00,48.95030573,-125.55732
2021/3/29 7:00,48.95026915,-125.5573354
2021/3/29 8:00,48.95025918,-125.5573051
2021/3/29 9:00,48.95027895,-125.5573297
2021/3/29 10:00,48.95025082,-125.5573146
2021/3/29 11:00,48.95025658,-125.5572947
2021/3/29 12:00,48.95027671,-125.5573547
2021/3/29 13:00,48.95026721,-125.5572913
2021/3/29 14:00,48.95025154,-125.5572946
2021/3/29 15:00,48.95027769,-125.557346
2021/3/29 16:00,48.95023977,-125.5572854
2021/3/29 17:00,48.95043374,-125.5577251
2021/3/29 18:00,48.95081746,-125.5585583
2021/3/29 19:00,48.95119653,-125.5593649
2021/3/29 20:00,48.95157041,-125.5601446
2021/3/29 21:00,48.95193855,-125.5608971
2021/3/29 22:00,48.9523004,-125.5616223
2021/3/29 23:00,48.95265542,-125.5623197
2021/3/30 0:00,48.95300305,-125.5629893
2021/3/30 1:00,48.95334275,-125.5636306
2021/3/30 2:00,48.95367398,-125.5642436
2021/3/30 3:00,48.95399618,-125.5648279
2021/3/30 4:00,48.9543088,-125.5653832
2021/3/30 5:00,48.95461131,-125.5659094
2021/3/30 6:00,48.95490315,-125.5664062
2021/3/30 7:00,48.95518378,-125.5668733
2021/3/30 8:00,48.95545264,-125.5673104
2021/3/30 9:00,48.95570919,-125.5677174
2021/3/30 10:00,48.95595289,-125.568094
2021/3/30 11:00,48.95618318,-125.5684398
2021/3/30 12:00,48.95639952,-125.5687547
2021/3/30 13:00,48.95660137,-125.5690385
2021/3/30 14:00,48.95678816,-125.5692908
2021/3/30 15:00,48.95695936,-125.5695114
2021/3/30 16:00,48.95711442,-125.5697001
2021/3/30 17:00,48.95725279,-125.5698566
2021/3/30 18:00,48.95737393,-125.5699806
2021/3/30 19:00,48.95747728,-125.5700719
2021/3/30 20:00,48.9575623,-125.5701303
2021/3/30 21:00,48.95762845,-125.5701555
2021/3/30 22:00,48.95767516,-125.5701473
2021/3/30 23:00,48.95770191,-125.5701053
2021/3/31 0:00,48.95770813,-125.5700294
2021/3/31 1:00,48.95769329,-125.5699193
2021/3/31 2:00,48.95765683,-125.5697747
2021/3/31 3:00,48.95759821,-125.5695954
2021/3/31 4:00,48.95751688,-125.5693812
2021/3/31 5:00,48.95741229,-125.5691317
2021/3/31 6:00,48.95728389,-125.5688468
2021/3/31 7:00,48.95713115,-125.5685262
2021/3/31 8:00,48.9569535,-125.5681696
2021/3/31 9:00,48.95675041,-125.5677768
2021/3/31 10:00,48.95652132,-125.5673475
2021/3/31 11:00,48.95626569,-125.5668815
2021/3/31 12:00,48.95598297,-125.5663785
2021/3/31 13:00,48.95567262,-125.5658383
2021/3/31 14:00,48.95533408,-125.5652606
2021/3/31 15:00,48.95496681,-125.5646452
2021/3/31 16:00,48.95457026,-125.5639918
2021/3/31 17:00,48.95414389,-125.5633002
2021/3/31 18:00,48.95368714,-125.5625701
2021/3/31 19:00,48.95319947,-125.5618013
2021/3/31 20:00,48.95268033,-125.5609934
2021/3/31 21:00,48.95212918,-125.5601464
2021/3/31 22:00,48.95154546,-125.5592598
2021/3/31 23:00,48.95092863,-125.5583335
2021/4/1 0:00,48.95027815,-125.5573673
2021/4/1 1:00,48.95026998,-125.5573602
2021/4/1 2:00,48.95028029,-125.5573603
2021/4/1 3:00,48.95030184,-125.5574553
2021/4/1 4:00,48.95025998,-125.5573103
2021/4/1 5:00,48.95026026,-125.5573123
2021/4/1 6:00,48.95029071,-125.5573742
2021/4/1 7:00,48.95029057,-125.5573606
2021/4/1 8:00,48.95028089,-125.5573708
2021/4/1 9:00,48.95025992,-125.55736
2021/4/1 10:00,48.95027015,-125.5573613
2021/4/1 11:00,48.95027012,-125.5573583
2021/4/1 12:00,48.95026897,-125.557341
2021/4/1 13:00,48.9502526,-125.5573495
2021/4/1 14:00,48.95028061,-125.5573468
2021/4/1 15:00,48.95027167,-125.5573407
2021/4/1 16:00,48.95025464,-125.5573262
2021/4/1 17:00,48.95024899,-125.55731
2021/4/1 18:00,48.95025239,-125.5573194
2021/4/1 19:00,48.95027662,-125.5573557
2021/4/1 20:00,48.95029061,-125.5573688
2021/4/1 21:00,48.95026208,-125.5573512
2021/4/1 22:00,48.95026999,-125.5573599
2021/4/1 23:00,48.95027,-125.55736
2021/4/2 0:00,48.95026822,-125.5573698
2021/4/2 1:00,48.95027,-125.5573613
2021/4/2 2:00,48.95025916,-125.55735
2021/4/2 3:00,48.95026167,-125.5572893
2021/4/2 4:00,48.95024994,-125.5572896
2021/4/2 5:00,48.95026108,-125.5573178
2021/4/2 6:00,48.95026181,-125.5572883
2021/4/2 7:00,48.95024652,-125.5573106
2021/4/2 8:00,48.95024519,-125.5572746
2021/4/2 9:00,48.95025517,-125.5573464
2021/4/2 10:00,48.95026795,-125.5573518
2021/4/2 11:00,48.95028125,-125.5573488
2021/4/2 12:00,48.95026998,-125.5573503
2021/4/2 13:00,48.95027006,-125.5573601
2021/4/2 14:00,48.9502784,-125.5573491
2021/4/2 15:00,48.95024995,-125.5573107
2021/4/2 16:00,48.95027962,-125.5572903
2021/4/2 17:00,48.95024121,-125.5573088
2021/4/2 18:00,48.95025053,-125.5573101
2021/4/2 19:00,48.95026024,-125.5573086
2021/4/2 20:00,48.95025208,-125.5573349
2021/4/2 21:00,48.95028126,-125.557376
2021/4/2 22:00,48.95029136,-125.5573711
2021/4/2 23:00,48.9502802,-125.5573615
2021/4/3 0:00,48.95027863,-125.5573603
2021/4/3 1:00,48.9502789,-125.5573707
2021/4/3 2:00,48.95028968,-125.5573594
2021/4/3 3:00,48.95026227,-125.5573213
2021/4/3 4:00,48.95025985,-125.5573104
2021/4/3 5:00,48.95024851,-125.5572886
2021/4/3 6:00,48.95028018,-125.55731
2021/4/3 7:00,48.95025818,-125.55731
2021/4/3 8:00,48.9502818,-125.5573047
2021/4/3 9:00,48.95026766,-125.5573795
2021/4/3 10:00,48.9502902,-125.5573679
2021/4/3 11:00,48.95029002,-125.5573703
2021/4/3 12:00,48.95027969,-125.5573603
2021/4/3 13:00,48.95028,-125.5573697
2021/4/3 14:00,48.95028999,-125.5573592
2021/4/3 15:00,48.95028391,-125.557379
2021/4/3 16:00,48.9502616,-125.557318
2021/4/3 17:00,48.95026229,-125.5573116
2021/4/3 18:00,48.95026,-125.55733
2021/4/3 19:00,48.95023894,-125.5573523
2021/4/3 20:00,48.95027001,-125.5573298
2021/4/3 21:00,48.95025993,-125.5573187
2021/4/3 22:00,48.95028011,-125.5573547
2021/4/3 23:00,48.9502809,-125.5573487
2021/4/4 0:00,48.95026999,-125.5573709
2021/4/4 1:00,48.95028022,-125.55735
2021/4/4 2:00,48.95027027,-125.5573591
2021/4/4 3:00,48.95027092,-125.5573707
2021/4/4 4:00,48.95025305,-125.5573016
2021/4/4 5:00,48.95026037,-125.5573211
2021/4/4 6:00,48.950252,-125.5573729
2021/4/4 7:00,48.95025861,-125.5573159
2021/4/4 8:00,48.95025989,-125.5573104
2021/4/4 9:00,48.95027072,-125.55731
2021/4/4 10:00,48.95025,-125.55731
2021/4/4 11:00,48.95029114,-125.55737
2021/4/4 12:00,48.95027854,-125.5573598
2021/4/4 13:00,48.95027881,-125.5573484
2021/4/4 14:00,48.95028,-125.557348
2021/4/4 15:00,48.95027895,-125.5572948
2021/4/4 16:00,48.95026143,-125.5572909
2021/4/4 17:00,48.95026632,-125.5573092
2021/4/4 18:00,48.95024989,-125.5572885
2021/4/4 19:00,48.95025994,-125.5573102
2021/4/4 20:00,48.95026194,-125.5573249
2021/4/4 21:00,48.95025954,-125.5573189
2021/4/4 22:00,48.95026037,-125.5573196
2021/4/4 23:00,48.95026021,-125.5572907
2021/4/5 0:00,48.95027001,-125.5573691
2021/4/5 1:00,48.95027082,-125.5573589
2021/4/5 2:00,48.95027938,-125.5573599
2021/4/5 3:00,48.95027214,-125.5573696
2021/4/5 4:00,48.95026071,-125.5573242
2021/4/5 5:00,48.95025999,-125.5573201
2021/4/5 6:00,48.9502702,-125.5573169
2021/4/5 7:00,48.95025022,-125.5572877
2021/4/5 8:00,48.95025,-125.55731
2021/4/5 9:00,48.95024938,-125.5573118
2021/4/5 10:00,48.95024965,-125.5572897
2021/4/5 11:00,48.9502679,-125.5572938
2021/4/5 12:00,48.95025319,-125.5572498
2021/4/5 13:00,48.95028032,-125.5572594
2021/4/5 14:00,48.9503205,-125.5573461
2021/4/5 15:00,48.95026973,-125.5573505
2021/4/5 16:00,48.95025999,-125.5572989
2021/4/5 17:00,48.95025403,-125.5572507
2021/4/5 18:00,48.95024961,-125.55733
2021/4/5 19:00,48.95026,-125.55733
2021/4/5 20:00,48.95026995,-125.5573288
2021/4/5 21:00,48.95027766,-125.5573273
2021/4/5 22:00,48.95026,-125.55731
2021/4/5 23:00,48.95025,-125.55729
2021/4/6 0:00,48.95027011,-125.5572897
2021/4/6 1:00,48.95026036,-125.5573111
2021/4/6 2:00,48.95026762,-125.5572915
2021/4/6 3:00,48.95029105,-125.5573704
2021/4/6 4:00,48.95026015,-125.5573202
2021/4/6 5:00,48.95026998,-125.55731
2021/4/6 6:00,48.95025996,-125.5573204
2021/4/6 7:00,48.95025056,-125.5573196
2021/4/6 8:00,48.95027001,-125.55731
2021/4/6 9:00,48.95025995,-125.5573201
2021/4/6 10:00,48.95024937,-125.557291
2021/4/6 11:00,48.950264,-125.5573294
2021/4/6 12:00,48.95027076,-125.5573112
2021/4/6 13:00,48.95027021,-125.5573017
2021/4/6 14:00,48.95026961,-125.5573004
2021/4/6 15:00,48.95028186,-125.5573639
2021/4/6 16:00,48.95027987,-125.5573581
2021/4/6 17:00,48.95026214,-125.5573137
2021/4/6 18:00,48.95026912,-125.5573293
2021/4/6 19:00,48.95025122,-125.5573092
2021/4/6 20:00,48.95027077,-125.5573098
2021/4/6 21:00,48.9502604,-125.5572896
2021/4/6 22:00,48.95025181,-125.5573174
2021/4/6 23:00,48.95025969,-125.5572896
2021/4/7 0:00,48.95025992,-125.5572996
2021/4/7 1:00,48.950251,-125.5573175
2021/4/7 2:00,48.95026972,-125.5572891
2021/4/7 3:00,48.95026974,-125.5572877
2021/4/7 4:00,48.9502507,-125.5572883
2021/4/7 5:00,48.95026605,-125.5573118
2021/4/7 6:00,48.95025872,-125.5572857
2021/4/7 7:00,48.95026002,-125.5572901
2021/4/7 8:00,48.95028026,-125.5573132
2021/4/7 9:00,48.95028178,-125.5572716
2021/4/7 10:00,48.95026864,-125.5573566
2021/4/7 11:00,48.9502799,-125.5573187
2021/4/7 12:00,48.95028122,-125.5573509
2021/4/7 13:00,48.95029052,-125.5573746
2021/4/7 14:00,48.95029074,-125.5573696
2021/4/7 15:00,48.95026,-125.5573
2021/4/7 16:00,48.95025996,-125.5572898
2021/4/7 17:00,48.95029138,-125.5573504
2021/4/7 18:00,48.95022744,-125.5573143
2021/4/7 19:00,48.95027844,-125.5573516
2021/4/7 20:00,48.95026991,-125.5573189
2021/4/7 21:00,48.95026721,-125.557346
2021/4/7 22:00,48.95025071,-125.5572917
2021/4/7 23:00,48.95028987,-125.5573526
2021/4/8 0:00,48.950271,-125.5573685
2021/4/8 1:00,48.95027009,-125.5573597
2021/4/8 2:00,48.95028091,-125.557369
2021/4/8 3:00,48.95027965,-125.5573684
2021/4/8 4:00,48.95028358,-125.5573677
2021/4/8 5:00,48.95027973,-125.5573417
2021/4/8 6:00,48.95027814,-125.5573552
2021/4/8 7:00,48.95027434,-125.5573544
2021/4/8 8:00,48.95028125,-125.5573612
2021/4/8 9:00,48.95030256,-125.5573519
2021/4/8 10:00,48.95028086,-125.5573594
2021/4/8 11:00,48.9502811,-125.5573573
2021/4/8 12:00,48.95028006,-125.5573496
2021/4/8 13:00,48.95026931,-125.5573507
2021/4/8 14:00,48.95028104,-125.5573589
2021/4/8 15:00,48.95028004,-125.5573512
2021/4/8 16:00,48.95025629,-125.557305
2021/4/8 17:00,48.95025664,-125.5572809
2021/4/8 18:00,48.95028953,-125.5573601
2021/4/8 19:00,48.95026978,-125.55735
2021/4/8 20:00,48.95028075,-125.5573601
2021/4/8 21:00,48.95027,-125.5573617
2021/4/8 22:00,48.95027108,-125.5573597
2021/4/8 23:00,48.9502801,-125.5573497
